784cd58c-0b76-4fd0-82b4-eb7d0288609d,1.2,0.44
d6c8d7ed-9a51-4a77-bc7c-14d9b3c4d2e9,8.716666666666667,2.1
23eb6af8-c940-4d66-b236-5a88cf969958,16.2,3.7
c70bdde8-ec26-4590-a7fc-f1b230403ab5,8.25,1.69
6ac8e8c0-f81f-4dec-8c9a-a0ac98416710,21.033333333333335,6.26
255206bf-4016-44e9-ba45-a4b7a1c26d60,6.2,1.3
802c52eb-f28a-450f-81ed-f62c0dfb6a27,20.2,6.47
e9cc71e8-89f4-47e3-ade1-ff629ab37475,6.333333333333333,1.15
8c5e0fe7-4d57-4b20-95ab-dbebb148ab6b,6.0,1.3
f14e2daa-dfc4-4e83-9fca-438649bfe728,18.4,4.75
8ae7b8b5-4f3d-4cb1-a8d5-4c55e070a7f8,13.366666666666667,6.03
93b4f615-a5d7-4c07-b94e-2338d27d7f3f,14.416666666666666,2.82
1d3002dc-80e3-434f-bd41-2c4b93442195,2.75,0.7
46ae38d1-c77f-421f-8ff4-9d9624f426bb,1380.0666666666666,5.48
c6ccac12-4f06-440f-ba92-d064121017f1,32.81666666666667,7.54
108924c2-c2b4-4695-bb9d-f6bff5ff76a5,2.3333333333333335,0.9
ea4e46d0-a77d-4579-be88-ffed7fea33a0,21.866666666666667,6.2
6bd46498-e230-490f-809f-5f474d4cdd92,14.433333333333334,5.57
75c6442f-d853-47db-99ab-bade01416c74,5.866666666666666,1.87
c4e49b8d-5c0e-4990-83b8-1b98930a85cd,22.366666666666667,6.6
03150a3d-6825-4942-ac23-d77a64db4a20,0.9166666666666666,0.26
be1f97c8-e2ce-46cf-ab83-a125481525fa,28.683333333333334,1.79
8381ba5c-6031-49b9-9fa8-2f2c2c97754c,7.9,2.34
69af29ab-32be-49bb-bbe0-7be00a1b2d07,16.766666666666666,3.66
b1442487-cb94-42bc-a835-abbaaa0ca4e9,15.8,3.96
00a537af-af5f-4526-a0d2-ad1ae0eef614,14.25,6.2
23168bd2-7733-49ff-943c-c1a1b9c68c7e,8.083333333333334,2.19
23585618-832e-46b0-b4be-589ea67c057a,13.633333333333333,4.3
e7547444-6585-4984-829f-440b452342f7,3.566666666666667,0.71
eed22f44-8eff-4f13-ba40-5eb8ab9c1db2,0.03333333333333333,0.0
d2a85832-b08d-4145-ac55-b3d75e5a367f,8.466666666666667,1.55
c84afd0e-78d4-4911-9268-c87055eca29c,3.0833333333333335,0.88
62b00377-7bbc-44bc-a65a-11f85326dd4c,7.483333333333333,1.72
00a538df-b4ac-44af-8dfc-a2bf08d90464,16.116666666666667,3.13
0f88c461-a595-40ca-abb1-050438989132,6.983333333333333,1.81
f845dc2e-9038-48ee-8901-0980243ae71f,12.483333333333333,5.74
3d1b7012-f3f2-4cda-bfd0-0f863cb1d3a6,8.783333333333333,2.14
bba34710-b2af-42f0-8e4a-8a8de60dd22b,4.333333333333333,0.58
9f8535f0-ac3b-4259-810c-3f05937575a0,4.383333333333334,0.81
2d4af33c-6010-49cd-973a-a0f3f921ca2e,7.7,1.19
c1e80594-fd9f-4934-91da-cba5bb21dd68,14.333333333333334,2.96
5c2c453e-6a9d-4b60-8bf6-1f05b285aebf,1.3166666666666667,0.22
8a2b8e34-e6d1-4eef-9e48-73f967ccafe4,2.4,0.94
23887ff0-018e-4c26-9a96-09cfae08e3da,6.983333333333333,1.09
51b9e2f8-a41f-417b-8d05-005343868deb,5.616666666666666,1.02
bbdbd27e-fdc2-482f-ab77-2534a6df1982,7.616666666666666,1.92
afd1c023-adac-448a-ab3e-ca45d6c6c014,6.783333333333333,1.32
1416eaba-eb7e-403f-ba6b-a899b94c5589,8.7,1.77
1ca942ee-ac82-4320-82b9-8071c761aee0,17.983333333333334,9.46
d59adc84-0aa2-4a85-a8ba-e67d7571eba4,8.616666666666667,1.81
db35a815-2d64-4779-a6ad-8ca80bc4a1c5,5.366666666666666,1.21
657cae45-3863-4ab6-af44-268543f7f383,38.983333333333334,5.8
33901f78-1157-4dac-869e-6fa617ac38cb,6.4,2.14
c53353ed-4a3e-420e-aa18-9911b2d9fa7e,10.533333333333333,2.29
aeda8c91-ae2e-46dc-9ab7-d02daaa1f160,7.25,1.18
4aae550b-1fdd-4e4d-adfc-cb550e042d1a,20.7,4.75
4c01a1b2-7f30-4513-bffc-fb630b7bee36,0.2833333333333333,0.04
51a6ebe4-55d7-44e2-9493-11a7769f6304,16.166666666666668,7.2
671618b7-262d-47a7-bcb6-64f95c253007,16.366666666666667,2.7
6b8b7433-c3d7-439a-9d40-bb055c08b68a,6.233333333333333,1.16
79fc491c-0a73-4e1b-8989-375b62a233e5,11.583333333333334,0.0
b447c528-284c-455f-959f-cb1f860624fe,5.65,0.0
25829938-dd06-4a8d-a9e2-9fb3b7563a8d,18.85,2.72
69414633-6a1f-48cc-923f-05d05540ade8,9.433333333333334,1.85
ea9c9911-ac00-4c00-abb0-636a9ec57d28,25.6,6.4
f7b87566-ea53-4fe0-93b7-a9c557ef3c6e,10.633333333333333,3.3
296e03b3-099b-46b2-ad76-a617e0689984,3.783333333333333,0.9
64e601d1-774d-4dca-9769-05de314217e0,6.366666666666666,0.9
8307b2c2-c601-473c-933d-5f2b174ad8ec,28.633333333333333,10.49
584b663d-ac33-4c62-b3cd-f728aa0b0461,8.55,1.6
3695b11a-206f-47d2-a9cb-9cd23424fbab,27.633333333333333,16.38
ecef5cbb-1378-4a8b-b36f-5be83d0daa7e,5.15,0.93
1d1198d3-4341-4686-ada3-1c3dbb61a2c5,6.8,1.57
97a76b3b-6212-448c-8f73-7fe34ca51c05,13.8,2.13
aca8aa8f-7c4e-432d-92ed-0cd02c4d3f01,11.316666666666666,2.89
7f72dbd4-014f-4587-973f-b9152d688bea,15.05,1.9
3658a4d7-4e42-449b-81a9-0951d89c91d9,382.71666666666664,0.0
3b4d8ab0-be7f-4bc2-90b9-1e2421712d9a,10.533333333333333,0.87
a7d65200-28d6-4a70-b3b6-c59bef1810ea,15.833333333333334,3.53
8f39c128-c97a-4e3f-b8e4-255745c0cb55,0.08333333333333333,0.0
1b374eef-d46e-429e-8864-3507389fe881,0.18333333333333332,0.0
d7192967-ef25-411c-9368-cb763b641e6e,12.0,2.8
7f3ed3c3-db87-4b80-adfa-fc98cf161b76,4.316666666666666,0.62
01be5d34-98c4-4332-8ed6-c0679b4eb8b2,6.566666666666666,1.72
9346ce27-b131-4cb6-806e-ddf4ed3428c1,17.383333333333333,3.34
770bb4e3-d702-4ba2-9193-2f1f57b14de4,11.683333333333334,1.8
19423de8-aead-48f1-b454-33979fde8848,6.15,0.89
00ea0daf-39d8-4fa7-9ae2-6b98195b747c,7.9,1.5
9a30d0d4-a6d7-4e51-926c-e3a4707bd88a,3.15,0.49
f73e0ba0-6702-44a8-bfee-793d656dd918,12.866666666666667,2.7
d103baf1-6835-4892-b441-047bed1a27d3,11.133333333333333,2.44
8512478e-78d9-477f-838a-ec73fdf50d8e,18.333333333333332,3.8
cf0e27d3-204b-4d14-8643-9f3178f0570e,15.0,1.65
8a2c0ed0-2009-43a9-8f92-e040b0268402,22.9,5.73
6d38734b-afac-495f-96f3-f8c7e0b7b657,3.283333333333333,0.69
b501ecdf-8a84-49b1-b070-524aed211831,6.25,0.77
71489965-a774-46c4-843b-5102f36572b0,1.9833333333333334,0.36
ddb50423-0ae7-44bf-912f-29d9875865a0,18.75,2.99
fb32cd4e-ef2e-4190-ac3a-a7627a46f9ba,41.05,20.49
fc8e1996-47e5-4820-b81a-339c970ac74f,19.55,3.84
ffa00ac1-d4ed-4014-ad36-7ecf8644ea17,19.433333333333334,4.2
2465469a-0ad9-43df-8b6b-f02a70c268d6,5.65,1.09
56f7895f-3bdf-47ef-98b4-acd25e229381,8.8,2.21
4b01f1a0-3ec4-4eac-b844-870377d8956f,1.2333333333333334,0.19
f73d7871-70ca-4fcc-9b10-031c3c3be532,6.75,1.04
5f24cad5-e8ea-4dc4-9aba-6960e57abb6f,29.533333333333335,9.18
d7813c08-9ead-47af-8905-0e1e9beab839,10.3,0.95
1cfccb4d-a713-4216-9977-20d56d98fbf8,6.283333333333333,1.48
e6764e23-5eb1-465b-9049-9ecf30ae94b2,13.2,3.61
eb0a4862-111a-4e1e-8d80-bbc70cd0a679,27.95,18.05
34496f24-fc14-456e-ac08-f23e0e7e8e00,4.866666666666666,0.72
a50fe361-2893-4620-b638-702b80a20b47,4.866666666666666,0.72
869bae5a-a743-4951-be3e-603ff1b8204b,18.333333333333332,5.33
5df0710f-853f-449b-893e-b6da4e88250d,6.216666666666667,1.2
388c2085-793e-43f8-90ee-651285168880,7.5,1.41
c3a05e48-dbc8-462e-bff2-d0f0636607ea,15.683333333333334,5.97
2caafee8-3d0f-4a88-a07b-0a52bb94d4aa,4.55,0.87
2fe9a71f-4790-423c-b578-9cf445c4cb31,30.983333333333334,5.72
211b6414-5804-4924-a8a0-05109dc6fde9,7.05,1.58
dbff0168-275d-4cff-b031-96be8d952da9,3.05,0.53
bcea0c75-25b8-4bf3-bd8a-196898bd8554,17.833333333333332,3.8
8beb7ed8-1ba0-4b36-9b49-842b043bc507,12.366666666666667,3.0
833212f0-488b-433b-bd1f-f9cf447a1ef5,11.333333333333334,2.13
88b10625-3131-4189-8fc6-53974866df5e,36.71666666666667,8.69
b7eaf630-70c6-45eb-a13f-e728a4dfbc35,3.7333333333333334,0.42
0fedea8d-3d35-42cf-bb2e-97c59e6d5676,5.216666666666667,0.9
f8eab115-27b9-4223-ad97-89f94183a674,3.8333333333333335,0.6
157398b1-59f9-4431-b62a-39c87a811837,20.65,9.25
7e7f5efc-6f88-44bd-80a5-b6cf84e185ba,16.4,10.81
8c12a287-3615-473d-bb66-06c570a2c4de,7.366666666666666,1.7
9f98211b-b21b-40b7-ac48-ad117b2e2895,22.833333333333332,5.7
55ac88ac-a79a-4572-be2a-49749a819743,4.116666666666666,1.07
11f59cb8-dc20-4f32-adb7-f867d720ef15,15.133333333333333,3.79
8e34521f-dd63-42c8-8da9-6467a443aa43,14.816666666666666,4.18
d64d4972-051a-4329-8491-31bba47c37cb,19.25,2.17
e6971747-9a26-428f-87ee-9bf44a379113,18.2,4.0
37e35deb-cf0f-4dc0-a85f-f56f80e462f9,9.4,1.2
f9c50b5e-7f57-4530-9101-9ee6e019a3f2,20.983333333333334,6.92
165fcfcf-c089-48d0-8042-b0d62e75386d,6.483333333333333,1.17
04396ae0-8a41-4ffd-bcbf-09a4695fa1f6,4.833333333333333,0.6
14ca2f4b-e273-4338-a598-eaf45221e301,3.35,0.58
d46acfb5-a99b-438a-ad62-70b19df0496f,19.166666666666668,7.41
730b5485-0bbe-4d2b-b6ce-53dfa40265b5,12.75,6.6
b88dc04a-36d6-4874-887b-ee5e606b2aca,0.2,0.08
e5681ddf-6e75-4207-8a0c-7a31e551e572,9.783333333333333,2.46
3bc031b4-cc83-49f4-8359-d893b2e68554,5.7,0.93
9a6215ff-ddda-4244-aaed-d13e4cbd8784,0.05,0.0
fcdbdead-192f-4c84-bc14-49355bb9d087,8.4,1.5
197bf75c-c919-4635-b894-b80b69923c68,19.866666666666667,3.6
f8a35aa1-73f7-4c94-93af-14c0e9a21598,5.883333333333334,1.54
b6118197-e9b7-47b0-a957-6984fd34c650,10.666666666666666,1.07
f5739594-27f1-4f12-8729-5e419f219d55,7.533333333333333,1.43
ea4c2dd8-6e5f-400f-8eac-6ead5a347fce,12.35,4.97
04bcde29-f040-4bbb-9c6f-2adf94a2bfef,1390.25,3.9
238428ea-d482-4117-b7b6-57c51f3df422,34.333333333333336,0.95
65b00303-2e8b-4e39-bd54-fb3578dfe683,34.333333333333336,0.95
a08e7b9d-8c92-4a83-91d1-0b61db3f97f3,8.183333333333334,2.17
4085f023-d538-44e3-81dc-c9ac0f267f7b,3.35,0.57
1c232249-a24e-4ea7-b9ed-815a4533c199,3.35,0.57
2fac63d8-608a-4f3a-8b8d-3f9919b34ad1,17.25,3.4
36d8b9cd-1788-49eb-a44e-0a94855a2a86,0.03333333333333333,0.0
0b59960b-b07a-4e9a-8155-31d00106a540,10.683333333333334,3.3
89738cbb-fb9d-4fdf-b380-b089069ff671,9.833333333333334,3.17
8347bb22-9a27-4344-890c-77c2d8118247,29.016666666666666,6.69
ac5ec8e9-6e8f-4f10-9f00-c27e9840d929,27.266666666666666,7.0
8cce431c-3859-4b80-afa4-f74599b58659,9.116666666666667,2.05
ec56f6e7-5077-4851-81b0-43abd848813d,3.05,0.61
4a65cf12-4510-42e5-aea4-11745d269ece,12.25,3.23
00e9768a-6a60-41a5-86e6-6d922f9df49e,15.05,3.33
4aba825d-f781-40c1-a3f5-de7f6f202302,21.416666666666668,6.6
e78ba33c-887c-46c8-97b0-a27c594cfefb,13.083333333333334,2.4
0986c622-9cee-4db0-83d0-08c5ed4e3a97,31.183333333333334,13.1
f0141f38-8934-4079-8bea-75a5ace79e58,11.75,2.6
ad11e85d-034c-4994-99f1-043c8a40295d,22.333333333333332,5.45
a2af5313-1513-49cd-83f7-fb55c01fdb99,11.533333333333333,6.13
e2b5251c-9acf-4c08-96c6-0936aeabf172,4.233333333333333,0.6
d063faa4-340b-4b36-982f-ba1d52308577,11.7,2.3
2da92d68-5d6c-4001-b559-c4047027c3bd,23.383333333333333,4.61
1c730f63-4c7f-46fa-ace8-0e0d6cb83b80,6.95,1.14
c9542a61-d10b-4e05-9199-b676ac7ae1e5,31.116666666666667,10.52
23e4bbdf-1400-4b69-b2ee-1ae56e3b12c6,5.616666666666666,1.31
ff48f3f3-65b0-4d97-8288-2a2b950ae32e,6.966666666666667,2.49
82771759-8b97-414a-86b6-000ccd348aee,19.233333333333334,1.48
b965281b-c76e-4f16-b7fd-01f3c6601f2d,9.166666666666666,2.22
b66bd35d-e70a-4569-9410-f3e9727b05e9,0.08333333333333333,0.0
223e9b6c-9c65-424a-8c03-3f12901eba3b,5.466666666666667,0.52
c341a243-2419-4ca8-934b-62a268637aa1,53.05,8.8
707c7944-2b83-4865-a0f0-26dd05938103,11.183333333333334,1.87
258a0440-5e5a-4179-bc6d-aeea5ed969c5,0.06666666666666667,0.0
a463969f-0882-4292-ab42-fc610c18cff8,11.833333333333334,5.64
b3220939-eef9-4980-899c-3297a23fcd80,2.65,0.71
1dfa5bfc-8203-4fdb-91f6-a196a9732f63,4.9,0.87
d94300cc-924d-418d-92bb-b0f75ae659da,6.666666666666667,1.21
d60b56d5-d129-4f25-b8a2-3e92ca14ca02,5.816666666666666,1.41
27ff7416-04f5-417c-a2d5-6e52bb4e7836,0.31666666666666665,0.0
e5bbca64-ba47-4b4e-8ac1-e1be11e88376,7.466666666666667,2.35
1d605e19-2d8c-4cbd-a64b-68bd46f64439,8.116666666666667,2.43
8811ba8a-404a-4535-a211-9eeb412725d5,70.41666666666667,31.28
6c5291e9-684e-492a-a388-892c16e84ca9,9.55,1.31
e4988b20-34a5-42d9-b08b-2a44e4d517a3,18.616666666666667,3.32
3789cbf3-f69c-424a-a3a3-7fb3edfee370,2.9166666666666665,0.17
7f7da2de-745f-4549-959e-608bd4f3d5ac,0.31666666666666665,0.36
de60d69c-ce29-4e6c-aa0f-7b9c6a8437a8,5.533333333333333,0.9
ace3a134-6633-4265-99da-0d795bc0b529,12.016666666666667,1.97
1f5c5d43-42b8-4196-83f9-e68a07896101,26.033333333333335,11.56
b9d7f318-a77a-4e99-a782-964d8e168dd9,9.583333333333334,1.1
37170672-2b58-410d-9670-902056e46579,19.55,8.22
f215335e-a28a-42ec-9689-096c88a74107,21.9,5.09
2a7d176f-765a-4609-8584-6c5e9d9dd98e,16.716666666666665,1.65
95cc76ca-ae1d-4919-838d-806aa6675190,17.15,2.15
ad9d6260-16ee-43bc-8f90-ea35c41239f8,0.35,0.0
ec30af03-8d6d-44a5-91fe-465cb753ac1f,1.8833333333333333,0.62
ed043b3f-d3d3-4af8-8da3-7666d3bf7bd8,0.95,0.0
ed74ee0f-694e-48d2-87a3-60b64014bfc8,4.416666666666667,0.67
99529719-2712-4d1d-b608-f09a6ec6798b,0.11666666666666667,0.0
25e55f74-f3a6-4344-a909-b625e8c0c28e,16.983333333333334,4.88
4d62c338-a383-4ac4-a6ff-94bc28151c7c,14.666666666666666,2.81
d400a526-210b-41de-a9d3-85d391d16bf1,25.166666666666668,5.85
4467b02d-2d2f-45e5-a90a-eb1b6453423f,0.016666666666666666,0.0
a25a07a5-8a08-47ab-bdab-3f70c0c87963,21.666666666666668,11.44
797f8c71-67a7-420c-bede-157d2477ddf7,10.066666666666666,2.08
4b0e3031-061a-45be-9a81-55cd7db3b854,2.6666666666666665,0.65
99969ceb-53b3-4a90-b9a3-094380c8280a,8.683333333333334,1.67
89296e7f-6fa0-465b-8ae7-bfd1a2e478f4,0.05,0.26
5072c348-2267-4bbb-8bfc-9473ede3a880,0.05,0.0
e1d22910-935a-4700-afc0-79532974c5d4,0.05,0.0
d77d2a3b-6d44-4079-81ef-de54240d6849,3.05,1.0
3f8cbda1-0019-4a54-a2af-c5b483fc2cc1,12.066666666666666,1.98
921d7862-6ca1-48e1-a6eb-4c535372e20c,8.916666666666666,0.21
208eaf45-1ca4-4329-8dc9-bb61181a81c2,4.733333333333333,0.0
59a201ae-eab8-49b0-ae42-4c7e0f689056,11.233333333333333,2.6
ad95f971-e500-49ac-9a37-80b6b0ac847c,14.35,3.19
23159934-8fdd-48d5-bb56-6a1bfe88eca5,1.7166666666666666,0.0
1bbc6da2-c9f7-4d47-a787-2d85486c6e79,11.266666666666667,1.88
0736bd0a-129c-4c38-be28-0290bbd1ff52,11.516666666666667,5.85
bdebfeff-4341-484d-b971-a6dcea475e6f,266.81666666666666,0.0
98a0d7f3-ddee-4832-9c1b-4cf90a5668ce,5.233333333333333,1.17
1477aa64-79cd-490b-a8df-0a46af39e1bb,27.066666666666666,27.97
453e08b8-aee5-4857-a83a-d30a6a1faa16,12.25,4.15
b72e1b53-b93d-40bf-b4ea-ddc1b805fe48,0.1,0.0
083b122d-a48b-4d90-905f-83fca66def1e,2.25,0.94
84bcc24e-5c21-43a4-8f1f-7208d8a1ce04,13.616666666666667,3.25
b0a0ef2d-b6a1-4aba-9e3a-cbf0db2ea35e,2.6,0.64
c9fc6c96-80fb-404d-a79d-bf552aa7891f,6.166666666666667,1.61
cb8e695f-e5c2-4a21-b2bc-698eff9b2ba3,4.8,1.58
f1a66dec-7ebe-41f8-b3a4-8d8bcb067b81,4.966666666666667,1.43
64d95bd8-34ab-4d12-a27f-05302fa7565a,0.08333333333333333,0.0
f30a9713-9b02-4c7d-9187-066abd1d265d,6.65,1.07
6fae5d42-baef-409f-990d-01be0650c101,0.05,0.0
9670eab5-b7cf-4094-a877-2726cdbd594f,15.316666666666666,3.73
d834414d-bdd5-43d8-be2b-e824e68dec06,23.566666666666666,7.73
8bc3e963-d7ec-4fcb-889c-42e66a3e1545,21.2,4.24
f457aef4-6a57-4faf-9f57-468299c295dd,9.25,0.48
537ec213-8de7-4b99-9960-f8156003452b,13.233333333333333,2.67
b47e8642-a585-48cf-b664-b05da68babf6,6.916666666666667,1.58
9979764d-cc35-433d-b2f9-7558261e56e0,9.266666666666667,3.05
4dca3e90-d4e1-4354-aacb-6442a07e44df,11.033333333333333,2.36
b61b2a91-794d-4cce-857d-3651651337cd,28.383333333333333,9.32
084e16c9-3889-4ef6-bd4c-98be32dad30c,16.116666666666667,6.35
b7835fc2-95d8-4b1b-97e0-b7f39ada9139,8.1,2.29
9b5fec3b-d394-4a75-bd56-9a22dc34ffae,10.05,1.98
95b08de9-100c-4b8d-b404-781a8c54375c,8.716666666666667,2.3
eeaa380a-6386-492e-b073-6f0e46f64861,9.2,3.23
5a89083d-3c7d-4195-b952-75a61b0f94a0,0.05,0.0
92b5b1a9-fc8d-4e7e-a84a-12b1060b4fd5,9.55,2.2
4eddddcc-710c-479f-a5f8-4f7b697ce4ef,0.11666666666666667,0.0
0b938778-f5ae-42df-990b-be391e782a31,1.3,0.43
618c8bdd-a7df-4c42-9dde-854bf9f01eeb,11.066666666666666,3.1
a0ef49a4-2126-4552-8c4c-833390f76793,14.383333333333333,4.0
5e724837-421e-4796-8065-a4afbe4c433b,28.066666666666666,10.57
77161df0-6260-433d-b7a9-c2cc409031ee,4.133333333333334,0.89
93904286-7e44-4dc4-b33c-e93786d1c6ad,6.566666666666666,1.79
a2565427-3b4a-4af7-b3bf-696c237a210c,9.216666666666667,4.79
6a44dfe3-12bb-4696-969b-b3e014d718a5,26.216666666666665,6.06
9661dcca-8b18-4dab-8629-b080cde567a0,32.083333333333336,10.58
6e91dab4-b574-4d0f-84de-28d4a776e3c6,8.416666666666666,3.6
d2d73006-fa7d-4fcb-9515-f0d13783348b,0.06666666666666667,0.0
acfadb29-3205-4393-aa3d-58a12c099aca,8.833333333333334,2.32
fb6dc24b-f33d-4edd-a4c0-b24c2813c58f,17.75,6.28
801ee25e-4733-46b0-b982-0ab617bd1ddf,0.06666666666666667,0.02
d561afad-16bb-4953-932f-df18aa5374b2,2.3333333333333335,0.54
90e4e120-5193-4814-acd7-90ef31d6710a,15.466666666666667,3.78
be7df81c-b879-47e0-9ed5-c6d624fa001e,5.95,1.34
ca2d1fdd-0ff8-485f-87ac-30af7c778fa4,8.0,2.06
f378480d-0c23-4ed1-8393-233dd51a0fb1,3.0833333333333335,1.14
4688b536-1573-4bf5-a955-8f405a4804e0,14.35,4.75
533d14e4-ca79-49ad-9474-65081a957e75,13.016666666666667,3.7
8978c6bb-0be5-45c0-b073-3f5824e1e2e9,2.3666666666666667,0.2
b5291c2f-9d7d-4568-91b0-33ae79dc492b,12.616666666666667,2.7
50d4171c-66f2-45bb-9207-fb3e3cbef5a1,4.95,1.0
0c0f9d7b-49b1-4ad8-8f64-3fafa70a992c,4.15,1.6
5cc12ebc-c34e-4286-87ed-a337fcf8a3a2,12.15,2.99
60ddc58f-8452-43fc-8ae4-c89eb945ce4d,51.36666666666667,4.49
4b4c2481-38dc-49ff-87d6-28784b9fdb3e,29.883333333333333,21.14
1bc1dfa6-19a3-4629-b651-abe21f91cf43,22.4,15.36
7000a94d-fff4-4665-a905-fedc8ef6622e,6.35,1.3
941bf446-e972-4ee0-be6c-0feda207b4fd,7.416666666666667,2.0
6c1b66cd-c9f1-4078-96eb-9fb7e594e7e0,4.133333333333334,1.4
207a61e0-f6dc-4e4c-b9b9-e42204f5fb61,8.65,3.64
ed5e9bb6-1ca2-4238-ab67-03fa89d8f94a,11.066666666666666,0.0
5bd20367-9d79-45a2-b159-0db977c23432,6.733333333333333,1.6
8b98c4bc-c251-4038-a7e9-fdf3c56917a0,7.066666666666666,1.33
b655dc74-5cab-4125-a2e0-12380e76e43d,5.016666666666667,1.0
06ea796f-13e2-4699-8a99-1b3575088fd5,13.783333333333333,3.54
c9576d5e-0c76-4371-9457-d15ca3fe5dd1,3.6666666666666665,0.43
5365bd57-fc21-4016-95e3-6737a6f2b65b,9.516666666666667,4.01
9ff69ac7-58e2-405c-a199-2fee7b7d2242,8.616666666666667,1.98
9c0b5a7c-6296-4831-8281-6e7f1a200fa9,6.383333333333334,1.48
4a5fe88c-426f-4b7b-877e-a5c6e50fff2a,5.983333333333333,1.18
94f8c443-1818-419c-ab72-f74ca3dfcf02,3.55,1.42
2bdc3dcf-4ca4-41b3-8d2d-bc6a1b5a1bef,9.866666666666667,2.9
bb145563-dfd4-40dd-a38e-bd63b8d76b48,6.8,0.0
38eddbec-8d34-40c1-962b-09bec3ba28c3,37.65,17.18
ee0f09f7-8a16-4c99-aa6c-30679ef5cfea,3.966666666666667,0.71
bbbafb39-7d0c-466a-8d19-58ef047532ad,17.55,4.29
f2e278c5-96d1-4616-8d92-6a4339c1602b,2.783333333333333,0.72
9c201347-951d-4328-907a-65a0a6fce236,1.4666666666666666,0.2
7ab70dc0-ac8b-47b7-8205-a58c4efde4be,15.866666666666667,3.99
3f46656c-aef8-4890-bc7d-295f36dfeb71,9.283333333333333,4.2
4fe7bc63-58d4-45a2-afbe-88fa230f09ad,6.116666666666666,0.85
f5fb70b0-75d1-413e-ab23-cc1916bd4c4e,17.416666666666668,5.9
4f08892d-8b21-4658-be1f-7b93d1ca5705,0.03333333333333333,0.0
25517e40-0d4a-419c-b69a-f65307d9fc1f,6.366666666666666,1.29
187d0b63-84e3-47cc-9f6c-80e8684afa5e,27.333333333333332,20.04
39696ea8-9604-442d-afa7-afc45c29f5b3,14.266666666666667,2.66
37cbc9fd-e755-47f8-a57b-2b0bf53ccae1,4.733333333333333,1.05
a92c47b8-84ed-4953-9ce0-98c07e32160a,2.033333333333333,0.0
af34cb82-2a79-44cf-ad97-c80eafba7ef1,0.05,0.0
bf0173e3-1bbb-4e3f-9328-87f44fbf9f98,0.03333333333333333,0.0
05c4cb21-b5d7-4df4-9614-c33d85627d0b,7.883333333333334,1.44
f3fa6f88-887d-45ca-af9b-f44e64f65f63,7.5,1.41
2ddd7bfa-0eb5-446d-a578-6d459cd55814,4.383333333333334,0.69
58271738-4106-4622-a755-6435981ec81b,5.233333333333333,1.31
7514efe6-ea20-4d48-96a9-678b743567df,5.783333333333333,1.2
708f2e2b-50aa-43de-be5d-570f2c620563,10.516666666666667,3.06
50fb56bb-f811-48b3-93d2-c195f350d802,9.366666666666667,2.16
c88ef1fb-3c93-40af-83dc-42c2d9b2f113,3.5,0.45
54929ee1-566c-43f7-b602-7cdf98c03c00,5.333333333333333,1.3
b4778e77-0231-47fc-b3ee-805e428f2f71,3.3,0.56
3befecee-d606-4503-bdb4-ed34ff36d431,12.666666666666666,2.15
196a7fdf-1b58-41d3-9d82-9553bfc39aed,12.55,0.0
7b4a64fc-2b52-4c7a-96fc-b39631daeca7,3.5833333333333335,1.0
7fdc7634-ba32-4848-bebb-93fba4f3b4ba,7.333333333333333,2.52
b08f74f7-847c-41df-85f7-3a862120bad1,3.933333333333333,1.03
912709ef-b0e7-49db-8f9d-cdbb44bbef9c,12.25,6.96
eb5f5017-69eb-42eb-bcc3-5ed89814d7f7,2.55,0.59
a82709aa-9a02-40cc-bac3-24dc96caab47,1.2666666666666666,0.29
d38484a3-6b6e-47de-8ae9-043031048857,2.933333333333333,0.5
ff994dd8-e259-4640-98e7-ba29201489bb,6.583333333333333,1.05
a1ce645e-f69d-4e25-82a5-b0a75d36a3e7,13.766666666666667,6.23
3ec3c050-9679-4f89-b7bb-17f340e202c9,11.116666666666667,5.9
386f197f-4558-439f-856f-b0c4be031f44,6.95,2.46
ffd42298-3602-4c1b-86cf-8394b46da62a,13.183333333333334,5.69
1ae52460-f10e-4b77-bd99-54203b63f358,46.0,20.27
8929ea2e-eee9-47d5-858b-e9440a45e8fa,5.833333333333333,1.42
f43bcfe5-de05-4ba9-85b0-35f5beb14b76,10.95,1.94
7b731e6b-ec93-4e0e-9f2e-2314349834bf,8.666666666666666,2.93
872ec2ec-4fa2-457c-9437-db2cff82d91b,57.81666666666667,16.43
6fefa1b6-f722-4eea-8aa6-bf030ba7ea66,5.133333333333334,0.8
0ccb93ef-a038-4f05-a977-8c194bea7efc,18.633333333333333,7.61
6307238f-6a33-46f0-9980-eb8270ccd049,5.483333333333333,1.37
faa71144-1c8a-4fda-8739-c54bcf985eab,13.433333333333334,8.36
54c4b7f6-9b6a-4931-a810-86a40cf2d4a8,8.15,1.82
00d8411e-62f1-45cf-ab09-57dd822b3a5e,0.43333333333333335,0.07
de62502e-8aef-4fc0-b3f0-e7c9bd21d0d2,9.3,1.54
e0ddc585-9c4d-4483-9aa1-3c70793c64e5,21.416666666666668,5.33
85892a8f-b601-46fa-a34d-2f04545ffa98,4.95,0.91
574bca32-37d5-426c-9c24-a7959b6eab82,20.25,4.13
ea9f4f9d-2774-488d-a427-e1e6fe5c2a7b,12.566666666666666,2.85
41b3c526-4ffb-46cc-ab17-8efa5548b6d8,8.833333333333334,2.66
e06a80b6-e43a-4e7d-a463-ab14d44dfbb9,10.2,1.63
7d51e753-40fc-456f-b375-50773c308ccb,0.5,0.14
4eaedac8-9766-4007-a851-e579bfd4c173,0.5,0.14
a25bfc18-b301-4c6e-8a44-d36369c534d6,5.45,1.45
788f9bb8-8226-49c7-b683-044dee4f2d3c,15.133333333333333,3.32
9c0d46ca-0290-4517-a887-67067e90c929,19.05,8.1
40a15496-549c-4412-a805-d9cb0dfe506d,1371.7666666666667,0.0
f105ddf3-8cf3-4ab3-82d1-b59e77279aa8,3.5,1.46
53091046-4fa0-4b34-8c5e-800e0bcd5174,16.45,4.53
506f9b74-7728-4e31-8153-efbe6dbf5942,11.916666666666666,6.91
a93d5f40-3c99-4f19-a595-c106aa54af62,0.06666666666666667,0.0
85525e3f-63a9-4717-a59c-357b0a0f8468,23.783333333333335,8.57
6a1fa3e2-d7fc-4cb7-bdc6-1e513fa43955,4.333333333333333,1.2
611171b9-ca99-41f8-bd05-498d1aebb675,19.983333333333334,3.55
8dbca6cc-96e9-4806-b4f4-dfa2a349873f,14.883333333333333,3.7
882c3470-0d81-40c1-9825-9cbc30962912,6.8,1.12
225bea0a-12a9-4341-8749-829a4b753f25,0.06666666666666667,0.0
3a500d77-2508-40c8-9c50-8ce82adc1f33,0.2833333333333333,0.02
01588049-3e40-4a48-ad89-1ffa7a46c16d,22.6,17.73
394b839a-13c3-4f6b-983a-a72d7e1e7bf6,9.116666666666667,3.32
5b499da7-007c-46ba-9a54-47b90ead70f3,2.066666666666667,0.58
d48687d4-b771-4755-9acd-af24dddc3115,8.35,2.18
44470c7b-bf1a-416a-be8a-f8d936d9ef6c,22.25,4.66
2313cc83-b251-4bfb-8f1e-55939e1bbbfe,7.033333333333333,1.5
2e1a5c38-40aa-4e21-8065-e8f6036c67d0,0.16666666666666666,0.0
2c8b4e22-5b2b-4e27-b688-49a5da00dabd,18.4,3.96
bed305cc-d97e-422a-9ac5-7fcd3cc17f04,14.366666666666667,4.1
42067343-daf4-4729-a2f6-fdc2009622c1,17.383333333333333,6.95
74fdd242-51f0-4030-9016-2eea273a72d8,22.65,4.58
9846146b-1312-4053-ad74-265c48b0aa6c,9.1,4.07
803132fe-553e-40b0-accc-c81bce52f611,34.31666666666667,5.15
e941d784-e25e-426e-bcaf-3611318b8e36,15.65,6.96
e7dc83ba-cc17-4f05-801a-885011a55356,25.45,5.15
66617faa-11bf-44b1-b53f-633096cb8795,15.483333333333333,2.78
cc57d0c4-7033-488a-b0a0-0cb71f6f9a25,17.8,3.25
a9e95c1b-49a8-4e89-a727-cd5b9c32f53a,10.0,2.44
535b6c46-cc0c-45f0-a823-894529711d4e,4.833333333333333,0.82
82ab10d1-be96-41a1-9bb5-a51246ab3679,6.15,0.99
21bb57ae-9ce1-490c-9643-fa6971ff87f6,6.216666666666667,1.39
ed4a2d3d-800e-4d74-bc56-70c3eed3c8e5,6.716666666666667,2.41
9b06383d-eabc-4080-bc1d-727600f4753a,3.8666666666666667,0.73
5904277e-9eff-4b76-a53f-93162ffb0724,10.55,2.36
c058f0c3-7fb2-4c6f-88b5-17346c600336,4.95,0.68
9fdb6f01-f283-4ea4-aaac-2f4fb1658bac,4.95,0.68
7678d07f-aa2f-4fd6-ae97-a61e22025942,5.45,1.04
6d9172f1-d321-44c3-b025-588d9400f670,14.666666666666666,3.19
b5470bae-52bc-4f7e-8133-03e52df55019,7.85,3.91
e7b7cc4c-7183-48fc-9cc4-aa5351d598b2,3.05,0.46
17a05c21-8402-4bda-b086-1259bc1671c2,14.45,2.84
0ec21204-b075-4854-b78e-9b0490836fdc,8.433333333333334,1.65
dc42d1ff-5192-4482-998b-f076c20f8ba4,6.75,1.52
2ca655b9-9193-417b-8c87-68a3c0dcda4d,177.25,19.79
3c23008e-a305-4553-8784-461f2089fdc2,4.333333333333333,0.97
19f98db6-0a50-49e0-9797-f3d1a0a3e826,10.816666666666666,2.01
2d1e28e6-e14b-498b-b088-b9c99be9cdeb,2.7666666666666666,0.53
4ecb3b7f-12d8-4967-aec9-cf4a0be5bd1a,0.05,0.0
7eed9213-61a4-46da-ae4e-ce899eb7e3dd,35.833333333333336,4.74
23d5ba4d-492f-4b9e-92f8-fc6b9be6234e,5.133333333333334,0.9
5bcedcfa-d3bd-4b22-9fc2-ec8da85a078e,18.25,3.92
091513f6-dea2-489e-b028-82693c36149f,5.95,1.29
8a514cba-3e64-4ad7-a3c9-709cde1cee9c,10.383333333333333,1.71
7a0d319a-3b57-433e-8303-ca93a53d5f02,3.966666666666667,0.89
d59c5bfd-d206-446c-a0c6-0b41403124f8,17.233333333333334,3.38
cd11e913-9c61-4b45-b821-bb69f28ea4fa,29.216666666666665,0.0
cae1eba7-e9e5-4674-ba72-9669da7976b0,10.05,2.07
5973bda8-ecd6-4ac7-af82-57a175eb1e0c,11.7,6.57
05b72b89-c0a7-486a-8835-d206f9d85661,5.633333333333334,1.67
ec58f5c5-212d-4139-b17c-c2fc6bf25d0e,15.933333333333334,0.0
ad546dd6-7559-4ad7-8119-b62cc1f93a90,3.6666666666666665,0.8
eb7aaf72-8d2e-49ed-bc8b-c9bfcebe5d19,1.9666666666666666,0.38
4ae151e0-0562-46d0-9bb9-d878bbdf7bdd,1.75,0.1
e0f2de30-5ac4-4fcd-9a53-d1572da78b88,6.933333333333334,1.76
49291fc1-60f5-47c6-9eff-d37f5228fc46,11.633333333333333,2.64
0b836448-1e79-4ffb-b976-7ce003ee274a,11.683333333333334,2.26
40d67b25-a1b5-4865-a613-e59b438b7f14,12.716666666666667,3.06
789cba12-e97c-4673-95d2-a5f55ef99dea,7.783333333333333,1.8
acdd1e14-2079-49b8-bf53-aeeb7b1d27eb,23.366666666666667,11.9
1b36eab3-03ef-4b7d-851f-dab934dfde17,8.2,1.58
1c4cf7cb-6170-41cc-a678-dfd6168a4bac,21.883333333333333,5.29
4a2f1a7b-0470-41f5-88eb-9bfa4c436f13,6.1,1.3
6d37604d-5022-4fa8-b8ef-2a39495536ff,16.05,3.49
88d9a74a-118e-4948-868b-17c2e912f036,16.533333333333335,6.65
3298810a-5d21-4621-b6c2-156cde777d3b,7.55,2.0
62583454-4115-447b-9bb1-3f844dc58132,32.333333333333336,4.42
20eb3e50-1b98-4fb6-92a8-291b2e94f3bd,10.416666666666666,2.82
ba1530cc-e5b7-47d7-b306-3205a411c0d6,3.566666666666667,0.69
3a95c036-fcec-4dd2-9b68-76dfc5126265,11.133333333333333,3.34
d7bdf34f-790b-47bd-863b-e801b56d9bfd,14.7,2.8
92bdeadb-acdb-4243-8ffd-a50002bbc43d,8.3,4.51
0123b78c-2eed-4d60-932e-6a725f4c7278,15.8,3.33
708c3e35-f50c-4038-9982-3db95669f390,4.483333333333333,0.91
11b15af7-6a88-4fe6-b6cf-48ea2a9f6478,6.7,1.16
cf56ddeb-b870-47b0-8190-db3f710e741e,11.966666666666667,3.37
c762cb67-900a-46d4-83cf-dd94eccd42b7,9.166666666666666,1.6
b2669366-76b2-4b44-a4b9-84ace312000e,25.15,8.75
85b89635-93e2-4057-8544-55d6db796eb8,0.06666666666666667,0.0
45e680c8-bac9-40a8-833f-62400c91d819,0.06666666666666667,0.0
94e766c5-4268-4e23-ae74-9ea47b7e3fc9,0.9166666666666666,0.17
4eb9ddca-340b-4586-9283-33eee802f998,0.06666666666666667,0.0
cf4f5178-0c3c-4a8b-bcc0-7d018f235140,0.05,0.0
d2e881ea-a2a7-42b9-9323-b0ef35ff6478,39.416666666666664,26.58
a7f3fe03-49df-40df-8ad1-197b42c831ea,4.15,0.65
7e1ef0c7-87dc-4df0-8471-82124a8ec66b,4.916666666666667,1.22
59333dde-fc6f-4b38-9956-8145fd873cf9,0.4,0.04
1742e413-647e-4277-8346-4bcffe6d4fcb,7.15,1.6
1033c7e0-bf5c-4c68-aa83-98d556b72c8b,6.2,1.1
2ef03a1d-45f0-44ae-b309-1507b492715c,13.3,3.0
cf2f097c-1136-47af-bfa8-e86c8b4f0519,9.716666666666667,1.76
138e44b1-aaa8-4743-9929-a5e00c1f3f9c,6.983333333333333,1.45
fdd3197c-1963-4f3d-ab4d-91dd70d22dab,7.45,1.52
0575e8a1-e589-41d1-a379-7ceb70aaed24,29.166666666666668,0.0
271c5896-b872-4599-af07-8de60393c49a,17.466666666666665,5.82
fc4466ff-3d50-4acc-80c6-35c9c339cfa2,6.916666666666667,0.89
e77cceb0-2763-4a96-a77f-ac97e369f92e,18.7,4.17
61d1f8cf-98bb-418f-ba3a-d306b8b5640d,5.983333333333333,1.57
ef6c92fa-9103-4924-b67f-cff39c2edc75,6.183333333333334,6.19
0b9018f7-ca45-4423-8207-52cebaa7612d,0.35,0.0
f99ea885-6028-43f6-a145-d33ab7b003a2,9.45,2.24
84058fb8-c821-451c-94aa-b6da48c860c3,23.45,7.19
f59995cd-c621-4a1a-90b7-17361cd5ca68,47.8,15.11
2ccc1f95-a5f2-4d9b-96ad-aca641e26171,18.5,6.08
670c7971-f0ee-4994-bfe5-ae5deae78022,625.3833333333333,5.2
dcc66e79-8ab9-4b7d-9903-671cfb0d3b14,13.933333333333334,5.5
871114c1-0346-4c49-aa2f-396f9ed613ed,9.833333333333334,2.11
1346168c-1e0f-4e91-926e-3d5b88460cad,3.6,0.48
b27908eb-65ba-4fc3-895b-f821f90c1eaa,15.55,3.51
90db8d59-2359-4122-91d8-ce6ae7fc6255,13.866666666666667,3.7
33a56c2e-3581-41f4-a500-748f8fbc2ca6,9.816666666666666,2.3
c6f6564e-dc7c-407d-97f1-71b23b59da6b,17.383333333333333,4.36
73956202-5303-4c25-aafb-b93d05fb1ea4,25.1,6.18
fcc31006-d337-4e77-8997-1fe55b3538d2,5.183333333333334,1.3
f16db8b4-2f49-4c48-a3aa-2ab551427002,10.8,2.29
b12d9534-d837-4e1e-9200-6d05f868769b,6.166666666666667,1.03
32057249-8977-44fd-a4d2-0261e5ae5851,7.783333333333333,1.53
525ad41b-13b4-4f41-97ba-631b9d23b2e5,0.03333333333333333,0.0
7910a77a-6fe6-43ce-889a-2c1e9c0c7493,7.416666666666667,1.48
d19a11a0-5fe8-4d4c-b9f6-37284c9e6aa9,17.6,5.8
3f958a3a-072c-4c7c-9592-022dc17d1dc7,14.45,5.63
4093ef8b-3854-4680-9034-f0a868f373be,21.116666666666667,3.39
8f8cf691-4adf-4031-8412-5be5879153eb,13.366666666666667,2.4
1d4f3d8a-4ac4-464b-8db7-b77578dcf0c8,13.45,2.04
33bc9a24-8dc8-4bea-b396-216562dae07d,11.15,2.23
954fd3b9-7e10-431d-b105-04d1ce5301dd,12.583333333333334,4.69
dc62081e-3fee-4cf4-8189-9622666d3f61,6.6,0.89
3ad26607-a9bc-42ab-9c51-b1379f911758,6.6,0.89
8a36c2ab-a5e4-4df6-b89f-2c4b4a1fdbb9,8.85,2.19
d0159ab3-48a7-457b-9a18-0f752880f3f3,6.85,2.1
aaf74166-936d-438e-a72d-ce75b4d4039d,9.633333333333333,1.92
ffa59fa0-583f-4c52-852d-cd11027b470e,10.8,3.21
2f2248ff-64a2-4f3b-9c8c-33e70c496c87,5.666666666666667,1.0
929219e9-b493-473d-84d0-3a6fe9e86d77,2.1166666666666667,0.6
e9956a13-e8ef-4c93-a283-a9525b826bfc,9.85,2.6
a19992e3-0d51-4994-bb56-da25343f1251,15.3,8.53
1d425121-7bb2-40e7-9cbb-c4235d10e74d,18.65,7.25
ab0830e1-96d0-4ae3-8086-35e033e39b6a,6.566666666666666,1.13
ac9bfed2-0412-4ea7-b7d1-bb16692cd848,4.3,1.24
ae070e4e-695c-4277-ac1b-d4c39ec45481,2.5833333333333335,0.4
7b55491a-b031-4692-84d5-29fea22beee8,35.483333333333334,0.0
22b0de70-1d10-49f7-989e-85c237dc8a7f,9.65,1.93
d2c65c6a-4e45-449e-b737-f10aafc40c51,2.2,0.44
c8835601-136a-4dd4-b5b1-5c53e811bafa,8.083333333333334,2.25
5087e19e-0014-40c6-bf90-a378f47793eb,5.2,1.03
6ce82f58-6360-48ac-8903-b7fd2b67aa77,24.083333333333332,4.76
a2644229-0d26-49c2-aa5c-f3c3f75b5aac,8.833333333333334,1.5
50b7c79b-1582-4723-90d9-64a3268e3a8b,14.916666666666666,3.6
5250c73e-7c5c-40a9-9833-ed7dded58046,21.383333333333333,7.0
1611055f-a0c8-4fef-a4d8-c7d68eb51e65,14.9,3.46
639df38f-8f5c-4908-a340-752eb50f060f,3.5,0.73
bfc6aba6-e0dd-4faa-8868-8366ae3ebf99,26.0,3.96
94220ba5-d3a6-43d1-b3e1-2e8ca361e7e7,17.183333333333334,3.62
b6ed342f-85fb-4347-9c1b-8935e26b9b3b,9.666666666666666,1.85
973b9ab1-8ad1-49dc-b9c3-f15096ed471e,15.033333333333333,6.8
d24ecb67-20ee-44df-b914-c53614807378,26.3,9.8
8801018b-d126-440e-8cfa-fe47eff20c5d,9.7,1.81
b7873f2d-f7d5-44f5-aad5-df14df79e992,13.933333333333334,1.66
8b9a62f1-0d13-4a4f-bca4-0f69bda34468,19.216666666666665,6.48
eca457ea-1d22-4c38-aa36-b1ffb15c41f2,42.56666666666667,0.0
d23e8d1c-0dff-48b2-8b19-fb9a2c8bc9ef,12.1,2.93
062091e1-7446-4e90-8e0d-665068146a35,8.283333333333333,1.61
b40ab84a-6cc0-4d4e-8c6c-e250c37e97cb,3.3666666666666667,0.58
93acc60e-853c-4765-bb30-35ed326551cf,19.0,5.95
fc13a78c-424a-4a5b-93e5-56df1b00b6e1,31.7,13.7
1e3cdd1d-7372-4d1c-b94b-60bd81baf5f8,10.166666666666666,0.75
df95983d-a333-4236-88f9-3f122d33a6ad,0.2,0.0
2cf0da23-1450-4781-b1d8-15d1bd5dc989,23.6,3.33
88f3db97-47e7-4a2c-b69f-047ef856f9d4,7.95,2.02
47f35fa9-a58b-4f4a-a13f-3aee554d302c,6.466666666666667,1.72
79fe6e1f-89bb-4957-ad27-9b743e5abe50,3.533333333333333,0.93
a46c8fe6-c29e-4ea0-8e8b-74de76928409,8.783333333333333,1.15
d2538f9e-19ca-4953-8456-e311defbac9f,22.9,6.91
3cfcefe1-818e-4e3b-84fb-1bd2b2b4572f,10.616666666666667,2.3
b629f92b-f009-47a4-97c4-5cefbf977ecd,10.766666666666667,1.69
9b110ee8-d025-4281-a3d7-2d480271956e,4.483333333333333,1.03
a6114c75-c7cd-4848-bd1e-ea48bfee31b4,4.166666666666667,0.89
4b72f602-b0a8-41ef-bdb9-75343617fadb,10.066666666666666,1.9
6bd2bae7-58df-4a2b-8c69-5ba808465b5c,6.1,1.85
2b7bf929-23b4-48c1-8736-c3d1b53039b8,23.333333333333332,4.75
552e40ca-7b5c-47e1-861a-a3a20cf5ec86,6.516666666666667,1.7
8eb3794a-a2c0-4a69-a942-d537f293c9e9,13.8,6.11
660ee8c0-a4a3-4b85-a209-d1ba2681b21d,21.583333333333332,5.87
5ba61b35-37d4-42f2-8910-fe42ad65403e,19.433333333333334,10.21
52738afe-a196-41af-96dc-d700c19d725c,6.0,0.51
d67fc5ac-472e-4f17-8033-75a90715bfff,19.133333333333333,6.0
26779be8-bb77-498f-9172-00df443713d6,4.25,1.31
e371d029-36db-467b-849c-c69911783659,13.25,3.24
64666767-9103-47d3-b8fa-97e0e6e1b145,6.833333333333333,1.34
6d2b952a-70b8-4544-9cec-34f40a9a3cba,11.633333333333333,3.26
ec0333f5-6fc3-41f9-b102-c0e63b2f4e08,12.383333333333333,3.97
a92cbf05-574c-4134-9991-e0e01b6bd5ac,6.733333333333333,0.94
aa185590-0fdd-477f-9a70-3266be323930,31.6,10.8
18bd665e-54f4-4024-9a3c-b64668e9763b,6.033333333333333,0.89
0b9ca6e3-4993-4d11-9414-82dfe43aa47f,5.933333333333334,1.01
4c220065-c1e7-4d27-a0a3-35c8f74e2cda,1.5,0.33
56141917-1208-4555-8763-c3d1f81bc9a0,23.783333333333335,14.57
aed30cbf-601c-4ebc-8043-2274105df77c,13.133333333333333,2.94
af1d5412-3fb6-4381-8e4d-49d921927959,3.45,1.29
58d02a3c-0d51-42c5-97b3-4d43ab959be9,8.083333333333334,2.25
3d876791-ee08-48fe-9caf-1cea49672478,5.233333333333333,1.06
6f3dc613-a170-4981-b5c8-f2479c4282f0,17.2,4.04
bcaeaf0c-7993-44ab-b12a-1e9089457b45,8.816666666666666,2.37
0636034a-75c3-4c02-a590-31e9b23f67e2,0.0,0.0
8f0952d0-402f-4ae9-91e4-6f71e489aaf8,0.5,7.0
57acea5e-2215-4002-8f8a-4e24220a4593,170.23333333333332,35.42
59f6fb3f-d0c2-4f28-bfe5-434cb6fc3e72,4.983333333333333,1.17
1f6b3711-b59a-4478-bc8d-820a634d5b49,8.55,1.83
ae2efa06-9f16-48e5-8c12-316003b02e7f,5.216666666666667,1.1
29c6f450-6ac5-4698-8c7a-0476249090f8,9.75,1.5
0f0cbffc-4403-4d3e-92d4-ae725ee08dac,6.95,1.27
e842ff7a-8a72-496f-80a4-91835098b836,21.45,4.23
b940ed6b-148b-4225-a206-53cad1430d26,13.683333333333334,3.3
045faaf9-3920-44a2-ab20-9a2d9ea31792,6.983333333333333,1.45
050e4e19-94b2-45c9-844c-ca27318f0f9d,17.566666666666666,5.1
50707a70-b220-452d-ae9d-924a7e6c52dd,14.833333333333334,3.9
afdd513f-d846-449f-8c83-e3e34df45ca0,2.85,0.66
ede45ad5-b876-4817-9f3e-e405328ad9b4,4.2,0.88
b53add0a-de7d-4b68-8cf2-1a67a4244f61,14.566666666666666,4.14
2287d7f0-2a5c-49e9-a7cf-40be7cdd37e9,7.766666666666667,1.67
db422492-0e37-4c0f-b5c5-6a87839f43ff,11.5,2.15
d5b6bc5c-0dff-4832-8cf4-8743382a00f2,22.05,12.23
1f2a9c3b-8aeb-4e7f-a67a-62dec9acac90,5.283333333333333,0.74
1e59e2fe-6545-4a63-ab3a-26afd2ac97f3,6.483333333333333,1.13
9aac0c3c-8951-4033-aa29-a703a42c29d7,26.85,7.4
b3622625-a3ad-47e8-90c6-40002c3309a0,18.516666666666666,3.59
ba6f022f-6cac-48e1-8fb4-4b84b611f6cc,14.916666666666666,3.2
34613405-167d-4deb-893a-5e3eb94fc6bd,18.5,8.8
3e8217be-580e-43a1-9445-57419be44124,12.983333333333333,2.4
50e65fbb-621c-41ac-98f7-62b51ecbb042,1.8666666666666667,0.62
a5cf2562-6205-4ae6-8827-270d0250cf98,2.6666666666666665,0.69
ca9a771b-ce22-4570-bdb5-bd0eb416e78e,7.85,1.55
af75d7ca-73b1-4dda-98ee-a383803c48aa,16.416666666666668,3.47
d975c057-1ca2-4e85-9207-1ab1c522fb76,9.2,1.8
c5fee64b-81e2-4de6-b28a-c98b500ef6f9,9.833333333333334,1.94
e8ed26d6-3971-4ea7-bcd0-67898195e5f1,3.2,0.84
45549246-948f-48be-96ff-be53755857b5,6.016666666666667,0.96
616d9c84-894b-41c2-a96e-c20704b1bc27,3.3,0.61
3f6ca4c6-8631-446e-a6e7-e2f5355f82e2,29.033333333333335,4.46
1a22f922-594b-41b1-91bb-252ec78ff677,2.566666666666667,0.98
f7b7aefc-0749-4135-a604-4d6e2009d78e,2.45,0.44
d2458b4e-f571-4a76-89b1-b0ad02aeb90a,23.85,7.8
088ef654-64a5-4cf0-a410-ea4db0ce4ed0,2.8666666666666667,0.5
1fe1695c-0fce-4403-8904-938999f910c8,7.6,1.65
ebb5a92c-65a5-4e22-8371-b7a1f01d484d,5.75,1.3
d469e30e-2edc-4365-ba29-f064e0686dd9,26.183333333333334,4.69
55166c76-0480-4adb-8bf7-794d0d1cb828,21.733333333333334,5.8
f637cf3e-3161-4aaa-8072-bfdca9502673,16.433333333333334,3.94
d83fec12-bd6e-44ad-b25e-807ffef66cef,6.25,2.0
14fcd3d9-4249-4082-ad4e-02141946d554,0.05,0.0
b8027016-0385-40da-85ee-53f31b0cc4f8,26.933333333333334,15.9
1d287293-fd3d-4087-9d53-e74cdb13a859,10.116666666666667,2.34
189d5662-5aca-4c23-bf43-ee94da61173f,10.583333333333334,2.03
5f97287e-a09d-41de-a7e0-77840c3d6306,23.566666666666666,5.45
23739ed7-0291-4196-af6c-7a8ca0c036f7,8.166666666666666,1.52
8053987e-56e3-4a87-a665-efca8a952a44,6.5,1.39
7d0eb389-17ea-45ca-90c5-f03b9b277b63,9.0,2.87
c8bb6c5d-967f-47e3-b804-077085c99ee5,7.516666666666667,1.25
74836db2-975a-4f8b-9225-5c50fdc89000,10.416666666666666,2.77
68439de0-e8ba-4cae-9c0b-64ca3e839410,4.8,0.55
0283215b-9644-4956-9333-1570e1e0b9d2,21.716666666666665,14.34
d856541e-5932-4df9-ab24-ca8bf648924d,10.45,7.08
fc0c5929-7100-40a3-b365-6611e3943bee,12.416666666666666,3.05
cae181f6-31de-450f-a1f0-13fb35e11705,16.916666666666668,3.86
0f438f06-44a3-4f6c-98a4-ccbc33bf764e,6.15,1.3
af58e8ab-fade-4f45-acf2-ce4f1b2b3239,14.883333333333333,6.16
b4269530-12da-4d60-8215-575c0373d563,12.883333333333333,3.29
bb96938d-2ff5-4348-8297-51e7e7976373,4.433333333333334,0.84
874b64ca-bc93-4d7a-971a-e3146bea500b,9.15,1.58
799d8ab3-aaf9-4565-b88e-25026b35f0ab,12.383333333333333,2.87
b2fee99c-d011-40a4-a76b-592432ab1b4e,5.916666666666667,1.0
70251174-70fa-4c80-9bae-f3e17cef04dc,0.21666666666666667,1.0
df3283ed-c502-4a2a-b54d-59322d7120f5,6.516666666666667,1.3
f2bcf271-db11-4d52-b770-826ecd83c91e,9.95,1.93
608cb91f-3964-4cfb-9485-801ff54af40c,6.683333333333334,1.3
02e91608-0577-4e97-9bca-d5bf5abc5b9b,16.65,4.78
ad010aa1-5fec-4635-90c8-da2bd562340b,0.31666666666666665,0.23
b5a2e703-a539-4357-820f-adeac6c6c03f,7.8,1.29
7d1c58ef-d9e7-4102-a2b8-182bd46ada30,10.933333333333334,2.6
bdf66f7a-066d-43ff-bbb0-dcf4f6355625,15.616666666666667,2.2
6e5b44aa-9c2b-40de-8769-f648baf6e163,10.15,1.5
1f1c3ec3-4075-45b4-934d-080cbe6b8b7b,15.666666666666666,2.24
d17e4194-bc5c-4c31-b78f-589dc31969df,27.4,8.1
bb35a8dd-27e2-4759-8164-6a2cc74ebc04,12.25,2.42
865f7efd-2dc3-4d24-8060-41ebde1e27b8,17.733333333333334,3.07
d549d245-665d-4f36-96fd-f1ed55852d93,25.25,9.94
e18cb345-d444-4ce7-bc29-57c524c20632,6.216666666666667,0.98
5d218ebb-0aa8-49ea-ad6c-f147378544e0,12.966666666666667,2.61
54ef363e-65f1-45e1-90f1-a2b4d8d25fa6,3.65,0.84
25584b63-f59f-4a7b-bce6-2e69f11e006e,15.666666666666666,2.1
460a492b-816d-4881-a871-390a4b216bd9,10.933333333333334,1.72
2d35d5ea-8563-4346-9661-e3e082c1a7e0,3.533333333333333,0.8
ff05fb9f-6b23-4d59-9572-4820e59e4eb8,4.25,1.3
2e70feb7-9a6d-427c-996e-0cdf1e96d919,10.916666666666666,2.3
478bda7b-4eee-4273-9cbd-338cb1a60e3a,3.4166666666666665,1.05
b9093a14-abef-43de-b183-6ecac10febde,12.4,2.2
a5bc7da0-8c08-4935-99f8-c6c8f77ad500,17.5,2.8
d7e7094d-1de8-4fdf-8374-f5cd0e45d5d8,0.03333333333333333,0.0
5a306e95-5bdf-492b-9364-d7590bbe2456,3.8,0.57
3a77884d-d1d6-4678-8f9b-4a074644df3b,8.75,1.36
1dae67f0-8acd-4c25-9578-9a126dc51334,24.716666666666665,8.57
a88d0db1-f1ac-4147-b365-710a3190e70b,28.133333333333333,5.87
32db762e-3dfb-4f23-a42b-8bc9be6d4713,12.583333333333334,2.88
c8b40f77-9966-466d-9934-504933a8e0eb,4.966666666666667,1.53
6b2c8cb6-d0d6-4179-a1c1-77dcb3cdbc0a,10.5,2.51
757d9dc2-d417-444e-94d5-6a68531386f8,26.566666666666666,5.3
35b12c2e-0ccf-403f-b4ba-edad538e2b4e,9.7,3.85
0edfd41f-7a48-4dcb-b668-a925bdfcacc5,13.95,7.16
d532d543-42c1-4aa3-b6a1-0f69635fec75,8.183333333333334,1.43
7b945f6d-a3bf-45d2-8ca8-6e48213f7135,3.1166666666666667,0.63
1f31f35a-220a-42a8-b789-e15ca4565b99,5.183333333333334,0.48
be8ec0e9-f6a4-43b8-bb6b-633bcc4304c6,4.116666666666666,0.51
ae40b1ad-2674-4c14-adf7-50a0b8e0e111,22.966666666666665,3.86
89911e33-2b21-43ca-beaf-990f1987a0f8,12.8,2.4
6e411d44-c79d-49db-b987-32df3782a342,12.9,2.46
21afe06e-cb26-4fc1-a2a5-38358fcb3564,6.4,0.99
593c2d7e-17f0-45e7-bb8e-82cb4f984f7b,10.133333333333333,1.82
3fdbb369-8cec-46b0-9b80-6052e1b8fae8,0.03333333333333333,0.01
30758ed4-edb3-4a59-813a-0716bb51dbd8,33.8,6.69
c1b11ff2-8abf-43f8-bdf8-c7b26e8bf1de,11.816666666666666,6.77
835cafac-5c96-48b8-a5ca-8656f235a7d1,20.333333333333332,7.42
106a745f-aebc-4ba2-9bb5-ee42bb11a31b,12.683333333333334,3.31
c4f2fe3c-e717-43d0-a77a-1b06cad2a579,10.983333333333333,1.68
a030f89a-f7e2-4c9f-8530-a90ae5fdf61e,11.6,2.04
e12e7449-743a-45b4-a1f5-a29468bb9704,0.38333333333333336,0.04
8956ffd4-f466-4d95-a354-6d29bf336e95,4.35,1.04
b2cb169c-a669-4cb7-bb9d-97b0ee45439b,5.5,0.88
9fc443cc-0463-42e3-a9f8-703f0364b5fc,31.833333333333332,7.73
d985e12f-f15b-4a68-b8c4-a893ab6d0aa4,5.816666666666666,1.9
1a4e103d-db3b-4bfe-a0f9-e60fc9a30bde,8.266666666666667,1.48
66ce2b26-b177-476d-831c-49141d2d7a73,7.733333333333333,3.17
9e0c0ce7-73d2-4863-859e-f68b7047b0f0,0.11666666666666667,0.0
e410c879-2b69-4a2a-9293-aed95724597d,7.35,1.2
785ac7c4-de4d-4126-afa6-5763147147d8,12.433333333333334,2.1
5c415cef-3aa8-4f40-ae4e-06c989883aeb,13.983333333333333,1.74
14f532ce-0138-4bd1-8478-814ea5f02e3c,27.616666666666667,8.03
06bb862a-58ae-4915-8a79-9f4351181c60,40.266666666666666,20.73
4b030575-9a00-46dd-9db5-a9a04dc70613,2.316666666666667,0.6
12753545-ae48-402a-b90a-b5adaefd831d,11.383333333333333,2.6
062c6f8a-bf82-416c-bfa4-d5a1fe12e37a,35.43333333333333,14.39
5df1c86f-fea0-483c-a979-3b8f90a1b74d,0.03333333333333333,0.0
a3ee1d8e-b7c6-4805-ad7b-569fe8d13c10,10.85,2.4
3f0ae96f-76ad-4dca-8a04-ffd8cb42ffc6,10.433333333333334,2.9
a3836cbf-5e7e-4c8d-b27d-7e3017e78226,4.716666666666667,1.02
3c29d2dc-88c9-4154-a6fa-29e69675bd7f,26.9,9.0
a88fe494-2040-4783-8fa2-ba414d115e86,17.866666666666667,5.0
8c3f740f-11bf-4d1b-b4b2-9bbdfd11acaa,21.3,4.14
93a79405-ef9d-4837-8734-47f48815f2fd,24.05,5.15
00f31197-8464-47c0-bd26-53f692b2730d,9.0,1.76
c4c4ec7f-aa44-4aad-86d8-6066d16558c7,4.7,0.82
af4714b3-7534-4a9c-8a24-8813f7927e02,27.35,15.02
d70e1e77-4051-4b77-970d-2d87df818e19,17.05,5.83
3fea441b-9fa2-41c8-8ca2-62f888c53005,16.983333333333334,2.81
a2379e32-4b15-4eb4-a189-9604496f3929,4.8,1.3
51988532-8171-4701-bc44-a7a5c058cfa1,5.883333333333334,1.63
98fa7ac6-8396-45c2-80b8-ac2eced48bef,13.416666666666666,1.97
aa39f153-d34c-48e5-ac15-b9a1cec72395,10.733333333333333,1.65
41190f30-948d-4b74-ab63-66bc2420b6cc,3.7,0.67
273392bc-915d-4a18-bfa8-bb3c1042777d,11.566666666666666,2.04
d9c9b7be-649e-4813-a60b-6d948fb2a451,17.533333333333335,3.11
3f72be18-c3b5-4707-9057-2fb0bc14b857,32.666666666666664,6.18
5a19b180-bbe2-4988-9f5d-d6408a29519f,6.5,1.21
153b2835-58d5-45ce-ade4-83c8bc0f3cb5,15.866666666666667,7.29
5addabf6-2287-4830-9ae7-867c74e89960,6.233333333333333,1.24
8e7b482a-9664-4a6c-a91f-ab1666ce73a6,12.583333333333334,1.71
d1a35554-6d21-4e65-9394-1a93d82ee56d,0.06666666666666667,0.0
e71edb98-7abf-4a67-af37-1006656ffe01,8.65,1.57
e7f00b67-4e32-4aa1-b2c4-87aa56fd0e0b,23.516666666666666,4.0
1c0943a8-f13f-44c7-8584-2da4f8ed953b,6.85,0.83
68b2851f-28f8-4b9a-90f0-6edc2e165f1f,9.416666666666666,3.16
6f5930c4-f6b0-4ec4-bb29-822260a99324,7.433333333333334,1.22
fdcc6da5-7ca2-40ff-8fdf-11172bc2c6d6,14.116666666666667,2.4
d08c3941-79fa-43eb-84e2-856af98bebc4,2.9166666666666665,0.53
f97ad777-c651-4b73-b9d6-ed6e7f2ab043,6.766666666666667,0.95
3b84467f-8cbd-4bbc-bbf9-dc9ab9c748f5,5.383333333333334,0.79
9cfd8820-36c1-4f52-ad2e-56fe4950c947,10.05,2.31
05f4db55-9e12-4afe-869a-7754e613b543,8.683333333333334,1.19
c476b7ab-0c3b-44e9-8e7c-2324d7e2a729,16.633333333333333,3.2
c7f5a5dd-245c-4184-a07d-c4aeeed9f457,42.55,13.88
1e4bee6d-316f-4d2d-9a0d-f9126a789f84,16.516666666666666,3.07
2dff1cd9-8c5c-4db0-99ba-f2ead45c255c,0.03333333333333333,0.02
109e9218-91da-4776-9dd5-107e066ccfa2,16.1,3.44
5a7a5d58-4da6-4f98-9c90-23f72a7676f8,3.45,0.0
c218c1e1-bb1c-4bfe-9619-68ee9492233b,7.383333333333334,1.41
7635388e-bcda-4af4-9176-1687ab2dbd7c,15.883333333333333,3.61
92f65038-818a-4620-a6ff-c70a65277be6,22.15,0.0
e5320d92-91c2-4467-a042-255637e958ad,5.15,1.3
c0f8ea1f-9b3c-4f5d-84f4-5310f5f06876,10.683333333333334,2.15
3b3d9d50-d375-4343-9826-8fb811fcca6f,13.683333333333334,2.66
5399853c-7299-45e1-b573-5a3671dfde27,25.1,8.24
0ef61637-b4b1-4266-a55e-ab9cded361d4,11.133333333333333,1.39
219fabed-4339-4cca-a883-19bd39da2b3b,31.3,8.38
bc4c6534-88da-49c7-ab1a-ec6e9c9b5c28,8.45,2.16
6f20cb28-6684-4f21-be6f-886549ac13ca,6.15,1.03
6191871d-cf6c-42ea-ac55-04ee48713509,8.4,1.72
b6bc6683-6ad2-4b20-9051-2437758910ea,4.8,0.74
5be5916e-9146-4dd3-a922-99e604f3221f,9.15,1.7
5b3a97c8-73ca-4613-93d2-5e5e5697db55,13.766666666666667,2.55
cdea6fba-7260-4bd4-92aa-cfc11e857cb1,3.2333333333333334,0.38
0e6233de-beb6-4c93-a6b2-ec2dd274cda8,13.933333333333334,5.78
52b729f1-9ede-453d-8d1d-1e97e9018465,17.366666666666667,4.05
16e02a15-53dd-4bb6-bf91-b1cb8c303829,11.716666666666667,2.0
af1ec8fb-a584-4c62-b6a9-9e47832781a4,9.616666666666667,2.2
62088011-bc07-47f5-ab17-54d96616525b,44.416666666666664,7.89
f60c0c72-1376-47b3-a515-ca82229c6f16,15.033333333333333,5.12
e74c7e6e-a318-4303-bef6-6b09e0acc841,16.4,7.24
78e60b6d-0664-4f57-aaba-c1f0b20e592c,12.666666666666666,2.0
ca3c52c6-7445-4fcb-9ed2-834d46248743,0.18333333333333332,0.04
04db17e7-00cd-4e3e-b538-9ea3456c12c3,15.516666666666667,4.7
a030cd36-6595-4147-9b9d-600a28fd787e,15.483333333333333,3.69
3541dfbf-c089-4ba9-aa35-d74f2ae833c9,7.0,1.53
f2f2a292-b974-4b98-9d33-46a3510b730a,15.25,3.98
31f382ed-e104-40cf-a5dc-15c42cacab63,21.883333333333333,4.78
461b39e8-0bd9-439e-9c30-b23cf22ce6a1,20.55,9.29
462cdeae-3b90-4bd7-9c2e-d4ba2464d254,6.916666666666667,1.68
f44e4c8b-6e68-43c1-a823-bd5add3d6846,16.95,1.11
17e45ca8-562b-4f53-8441-b8584e41934f,12.15,2.58
04b4190c-c26b-42ec-9cbe-d794eae5aa47,23.016666666666666,9.01
5fdd10dc-7cd6-4da4-9aed-1e997086af03,11.383333333333333,1.45
c89071ab-0da5-4363-8e67-a18350e9c0bd,15.95,8.99
eb7dff8f-1cde-40c0-a1d6-3bcabacf0b79,14.683333333333334,5.31
cc231c6a-9191-4567-a5ad-74f0a9d22c7c,16.75,4.04
526784b9-b979-43d5-819f-50eaa725f6c0,9.483333333333333,1.47
fde41ea6-6235-4688-a471-1bb0dedca255,5.016666666666667,0.79
ea280413-ed09-4892-8983-fd70d45e8e89,14.75,4.3
a5c817c3-3472-4fc1-8c91-59dcb894fda9,37.0,7.6
1976af59-2541-4e52-8923-3596a03fe290,12.833333333333334,2.78
c328f7d0-1bef-4e81-ab04-302f3ec72250,7.25,1.6
3966d993-af15-4766-8235-e4584e8ed363,3.3333333333333335,0.72
18e73ff4-bef2-42ee-b199-afc38ded2b4b,9.716666666666667,1.81
d988a393-803b-47c9-80aa-48881d1826a4,10.6,1.64
7f59479e-6111-40e4-b622-5c3f4e23b67f,6.183333333333334,1.4
c463f40a-33f5-4527-a97f-41cea1c0d896,31.866666666666667,14.15
0f299109-3990-4ab3-89e1-16f2e038b1a1,16.85,2.78
d57d6ebb-6705-497a-9988-4f6be866abfe,7.416666666666667,1.32
58975025-2b17-429c-bbc8-6253a6be0b78,10.85,1.37
bf3b2172-c2ce-4b34-8b6d-f7092d44716c,8.95,1.28
77c7c9b4-5a6a-431e-9a86-4ea03490052d,6.083333333333333,1.25
a04b0a01-8afa-4d85-b9b2-f837677e41eb,11.666666666666666,2.09
7ba0f813-20dd-412c-9d19-98cdf5a97bcd,4.583333333333333,0.5
ab531ade-6757-479a-80ca-892ee4134b1a,9.033333333333333,1.76
49836c66-6183-47ee-ac87-fc5e56733114,21.716666666666665,7.64
b841db2d-d706-419b-8d28-6e12190d910e,16.883333333333333,2.93
34ac289e-4a0d-4ff5-b418-d28fdccd89b5,11.916666666666666,2.69
c61fc0bf-e0e2-457f-8eb1-ed7046980e37,16.1,4.38
642843f4-ecf2-4b0e-b97f-d30a9faf5e06,17.533333333333335,3.08
a067a29c-e41f-42f4-85dc-a7e0c21c41b2,11.466666666666667,1.44
a24744c7-b03c-4992-96b6-8adfc7dbbf51,3.316666666666667,0.61
36738789-c935-406d-87ba-1b96b130fabf,8.65,2.74
1da05b69-e16b-4eed-9980-e54783da19d4,6.05,0.95
5e064687-a054-4eab-8150-a6713a6a10ae,8.333333333333334,2.29
3b9b3780-3b8c-4fb6-b442-dc5e93042e64,11.083333333333334,2.02
7035a8d8-3b0d-4b8a-9818-a5fad4b23cf5,23.433333333333334,5.32
0b5757db-127e-4c06-928a-e90ceaf51458,12.05,4.72
05b88bf0-bb00-482a-94d2-a1cbcce46def,6.266666666666667,1.19
5224cb67-78f1-47ee-b5a9-08689fba036a,10.2,2.46
64f83a11-13fb-425e-bf1f-d6ab6c5a4fde,13.566666666666666,2.6
806620d0-6280-4baf-954e-2ee817a5b32b,6.733333333333333,1.31
611892af-eb26-407e-bc4a-6bac9f064958,21.683333333333334,6.22
f3a2d83c-64de-4885-aab9-5b3deb34ae4b,13.6,5.75
fc5bdbcd-5011-4637-91b7-0b2965f37bb6,4.166666666666667,0.79
0d88180c-7a23-4be1-b9ef-895639532cb5,2.8333333333333335,0.62
3ba65b38-03da-47d1-87f2-c43e1de37d42,16.566666666666666,9.4
58271e29-76c7-4d1a-b59c-ff5a5b721c1a,8.0,1.66
b610d7ed-58b4-433d-9600-0dda6352448b,11.483333333333333,4.11
f2212c77-084e-4930-b5d8-e1956324dcfb,3.8833333333333333,0.5
b30d3dd6-6a13-4e6f-8d40-e002fb56ef3b,8.3,2.1
f58b2087-c64a-4bbb-93e5-d00f54129825,10.666666666666666,2.04
44c082aa-0799-402a-904d-6bd1a6d0a980,28.116666666666667,8.2
dfd0310a-f6a5-4c19-a610-995355635337,8.65,2.04
a9b02b2e-4439-4627-bcfe-017ba7c4a682,4.333333333333333,0.87
a6453f83-f5d4-4c14-b647-c90d2eae2d9f,5.5,0.95
90ce9fa2-69ec-41a2-b343-2c7bab79e1e7,17.2,4.58
564f841f-e60e-46ec-803e-7d9699d76366,4.4,0.8
a71254f2-fa36-427c-aae2-30d6989e00f6,12.933333333333334,1.28
7ce40bd0-7871-412e-a800-455be722f8ea,25.666666666666668,10.99
8a3f7d6c-81a9-4a3c-b01b-98b39db54d32,5.6,1.0
942c5e01-e259-4132-97c7-e8ead0b7e0a7,0.13333333333333333,0.0
2fd69374-4026-4608-8401-15d1cdc79919,37.083333333333336,5.13
3c6ad24d-d730-4132-a494-d9259686a36e,6.583333333333333,1.13
02e2f14d-e02a-4462-9a33-d861f91252f7,13.65,2.67
ef221932-6a9a-451f-a666-ed40a417fbd4,6.866666666666666,1.1
d2df29ec-5369-4901-852e-3ce0d7cb8f59,11.45,1.65
458f0ec3-29a3-454c-88b5-1a0064c6983e,14.433333333333334,1.23
0aa99864-9fe4-4923-bb8c-b14be6bd10bc,0.05,0.01
74665df1-d788-4866-b238-2cc06d183edf,15.833333333333334,4.52
e90d80f2-f88b-4381-b27e-7b6a4982385c,4.866666666666666,0.48
be520c06-3abb-48c9-b969-fe88093c0aa5,20.183333333333334,3.47
8d6966e7-b961-466a-9b3f-6b296b54267f,16.683333333333334,2.45
20425de5-a064-49b7-b3e7-4a621a9aa9d5,32.78333333333333,8.98
49558136-16f8-439d-9c19-1a58d4de4ad0,3.6,0.62
27881995-3e5a-4480-9adf-345e9b0a23d7,13.766666666666667,3.08
